start_s,RMS_CV,mean_spectral_change,score
140.25,0.09121623821588581,0.3518531121763912,0.443069350392277
141.0,0.10958839446295204,0.3564317351316176,0.4660201295945696
141.75,0.11316597143623527,0.37186444163002547,0.4850304130662607
85.5,0.1149661363526345,0.37628084150472874,0.49124697785736327
189.75,0.06534616313703617,0.42681625116073163,0.4921624142977678
208.5,0.16035588566502543,0.3415240645813048,0.5018799502463303
86.25,0.1425304388416523,0.369622783517487,0.5121532223591393
89.25,0.1441960566673708,0.3707511736740108,0.5149472303413816
88.5,0.11248015856357232,0.40330204291370947,0.5157822014772818
190.5,0.06296626910327356,0.46779815002875114,0.5307644191320247
186.75,0.08076390599875394,0.45709904530648054,0.5378629513052344
200.25,0.11688405680511753,0.4213438911684111,0.5382279479735286
183.0,0.1651047374894133,0.3851654882996847,0.550270225789098
185.25,0.0903233026102262,0.46149840351564825,0.5518217061258744
92.25,0.14797854996877147,0.40544591192158097,0.5534244618903524
87.75,0.1348010466484454,0.4195097910862569,0.5543108377347024
51.0,0.16026622410122787,0.3955413638426039,0.5558075879438318
40.5,0.12519658007237094,0.4312476166029336,0.5564441966753045
188.25,0.06880010109443381,0.4881526460322445,0.5569527471266783
23.25,0.12858924557718684,0.42873888680754,0.5573281323847269
178.5,0.11618987208625456,0.443765405307965,0.5599552773942196
153.0,0.12407319751226198,0.4382954646453257,0.5623686621575876
199.5,0.09389325356649612,0.4692260029265989,0.563119256493095
83.25,0.13432784872734246,0.42886606374472747,0.56319391247207
84.75,0.14919363318379292,0.4169427796741261,0.5661364128579189
186.0,0.0948331513132458,0.47456336633307433,0.5693965176463202
84.0,0.12301910732082172,0.4487855153422955,0.5718046226631173
149.25,0.1263591655426702,0.44665470346522584,0.5730138690078961
87.0,0.1522403699476692,0.42163689988808833,0.5738772698357575
179.25,0.085884814713705,0.49421270405570067,0.5800975187694056
183.75,0.21456752505967827,0.3665743071033236,0.5811418321630019
22.5,0.1343518569186546,0.4473959759944861,0.5817478329131407
41.25,0.1371804895851352,0.4455045469864617,0.5826850365715969
97.5,0.12262061968883951,0.464005058973314,0.5866256786621535
44.25,0.16732589306867413,0.4227489459532576,0.5900748390219317
90.0,0.23316693015407042,0.35933616650645955,0.59250309666053
124.5,0.19288573700785674,0.39990295652905616,0.5927886935369129
43.5,0.16796968707039395,0.42637402263168867,0.5943437097020826
24.0,0.1403891344883597,0.45406729247708405,0.5944564269654438
151.5,0.1209747002501615,0.47565376298727413,0.5966284632374357
201.0,0.1127085760801263,0.4841363089544371,0.5968448850345633
51.75,0.15866041353403526,0.4388916158459867,0.5975520293800219
187.5,0.10477763091511998,0.4941829540434692,0.5989605849585892
48.75,0.15129842319822115,0.4527125824040179,0.6040110056022391
194.25,0.13140017610621135,0.4740793997923774,0.6054795758985887
61.5,0.1474883533285376,0.46071945201410547,0.6082078053426431
11.25,0.14545935366087057,0.46499012909580617,0.6104494827566768
196.5,0.11041692724133022,0.5022728033147819,0.6126897305561121
21.75,0.12679641879034736,0.48662960825630897,0.6134260270466563
156.0,0.16703490400581306,0.44762735889394617,0.6146622628997592
54.0,0.12289789163604192,0.49183269420438647,0.6147305858404284
81.0,0.11948278675745806,0.4979364576427366,0.6174192444001947
39.0,0.13389849421016672,0.4842625073577007,0.6181610015678675
189.0,0.16616477877686564,0.45525192380969537,0.621416702586561
195.0,0.13697254349774374,0.4875231133578225,0.6244956568555662
49.5,0.16947239596871017,0.45641633671339366,0.6258887326821039
50.25,0.1538569922407672,0.47346482671649537,0.6273218189572626
47.25,0.16528927401226493,0.46333380926122897,0.6286230832734939
38.25,0.16811936465655655,0.46064141337683584,0.6287607780333924
34.5,0.1512974745558572,0.478984222698379,0.6302816972542362
56.25,0.1517002702145252,0.4797013231188384,0.6314015933333637
95.25,0.15067440098991575,0.4815445080516766,0.6322189090415924
59.25,0.14310076877114122,0.4908449518329827,0.6339457206041239
46.5,0.1772844194349541,0.45899063851453414,0.6362750579494882
152.25,0.17303333041199218,0.46360509408295836,0.6366384244949506
94.5,0.12283530447010337,0.5139887363631027,0.6368240408332061
207.75,0.23145530949271623,0.4061100563470623,0.6375653658397785
42.75,0.17828271741341734,0.4595712903167624,0.6378540077301798
82.5,0.12885701963633353,0.5104330869122985,0.639290106548632
98.25,0.15015351199858668,0.4894519979652295,0.6396055099638162
24.75,0.12730704329556328,0.5124041294571147,0.639711172752678
156.75,0.16691379474802065,0.47289000597697095,0.6398038007249915
159.75,0.16131856487002066,0.48035511640910555,0.6416736812791262
66.75,0.16665906504382214,0.4752758999585701,0.6419349650023922
36.0,0.15063706857551215,0.49491405282581225,0.6455511214013244
39.75,0.1589170356817075,0.48781456163885406,0.6467315973205616
174.0,0.16528839133140222,0.48323757452216237,0.6485259658535646
54.75,0.15465860005850865,0.49468348720715566,0.6493420872656643
32.25,0.1459275784587018,0.5041751759382596,0.6501027543969613
148.5,0.15855042773435513,0.49166526941189076,0.6502156971462458
64.5,0.18239976182149018,0.46791556163683623,0.6503153234583264
157.5,0.18124695433988028,0.469348410965064,0.6505953653049443
195.75,0.11761328622949807,0.5337291003181402,0.6513423865476383
37.5,0.16939262182164236,0.4823902544761695,0.6517828762978118
146.25,0.18174363018723172,0.4703869134547032,0.6521305436419349
35.25,0.13974242802515477,0.5127051982185193,0.6524476262436741
26.25,0.09887082409538464,0.5543574840692077,0.6532283081645923
57.0,0.16827597991343546,0.48577255201085023,0.6540485319242857
202.5,0.13013538617585133,0.5244063888117424,0.6545417749875937
33.75,0.1559364426888223,0.5007104332157275,0.6566468759045498
66.0,0.13156667984637904,0.5256538676622102,0.6572205475085893
30.75,0.15777453252226947,0.5005650096476942,0.6583395421699637
164.25,0.14490400727006048,0.5136454742132167,0.6585494814832772
25.5,0.1862716629302158,0.4739345152351659,0.6602061781653816
147.75,0.18823554974405715,0.47286763857246156,0.6611031883165187
158.25,0.15760383842753584,0.5040729655350925,0.6616768039626284
142.5,0.14182302681919462,0.5211193473384256,0.6629423741576201
201.75,0.15389085237930292,0.5090940134156627,0.6629848657949656
163.5,0.18510470058560818,0.47800862982603187,0.6631133304116401
55.5,0.18094530509679652,0.48254132980031494,0.6634866348971115
29.25,0.15713792328922266,0.5079765881613036,0.6651145114505264
135.0,0.21699781861738995,0.44957947065216625,0.6665772892695562
144.75,0.20814086000789983,0.45864255166855533,0.6667834116764552
126.75,0.23098028184307465,0.4368720898870845,0.6678523717301591
45.75,0.17410573065507212,0.4937626584309204,0.6678683890859924
91.5,0.24458705095166963,0.4247904830139392,0.6693775339656088
93.0,0.24430081750943522,0.42593471479922157,0.6702355323086568
177.75,0.13839827703333707,0.5320931932052285,0.6704914702385656
136.5,0.19424639234295663,0.4768589165605159,0.6711053089034725
60.0,0.1708716222907607,0.5015224329671695,0.6723940552579302
162.75,0.12324172014565972,0.54955530534372,0.6727970254893797
57.75,0.13746522991327415,0.5354452809414036,0.6729105108546778
79.5,0.2030280181595532,0.47018668879160413,0.6732147069511574
176.25,0.13093709477149773,0.5424646374113647,0.6734017321828625
53.25,0.23351359633100086,0.440363165865025,0.6738767621960259
33.0,0.156742190503948,0.5178114888648092,0.6745536793687572
155.25,0.16575000822117117,0.5090371577267164,0.6747871659478876
159.0,0.17807444394203295,0.49761378348516644,0.6756882274271994
99.0,0.16871894002999127,0.5072142839261716,0.6759332239561628
154.5,0.1712904612358622,0.5046764688282338,0.675966930064096
150.0,0.17618003554569395,0.5000503504879568,0.6762303860336507
72.0,0.14464468491330068,0.5325861064500119,0.6772307913633127
8.25,0.19623209006999,0.48241847489442596,0.678650564964416
99.75,0.22195826353099543,0.4567432888721378,0.6787015524031332
184.5,0.23187402279984456,0.44796508047262956,0.6798391032724741
180.75,0.13311284232670573,0.550491673251642,0.6836045155783478
42.0,0.17909382290925407,0.5048125235372184,0.6839063464464725
63.0,0.19375982863054705,0.4906589674048184,0.6844187960353655
129.75,0.23669497180532642,0.4478105450159589,0.6845055168212854
172.5,0.17883575109812863,0.5064656937953887,0.6853014448935174
181.5,0.14219036737865515,0.5431196339395844,0.6853100013182396
102.75,0.18124404825719287,0.5043702490075389,0.6856142972647318
31.5,0.16741694905451507,0.5187067902259381,0.6861237392804532
96.75,0.226611409443175,0.45994697032338905,0.6865583797665641
165.75,0.14512339548064387,0.54155100628241,0.6866744017630539
105.0,0.21196135454586637,0.4750943662903098,0.6870557208361762
165.0,0.14644668088710833,0.5410462151141281,0.6874928960012364
197.25,0.136654957045684,0.5513916300370736,0.6880465870827576
198.0,0.17093257475473667,0.5172099536938743,0.688142528448611
70.5,0.21680382329924097,0.4724844160983988,0.6892882393976398
30.0,0.18803962163110133,0.5030259824595893,0.6910656040906906
81.75,0.13403098619728188,0.5571536833533353,0.6911846695506172
9.75,0.17158407017378613,0.5197382152504608,0.6913222854242469
175.5,0.17902703767277756,0.5126755461603271,0.6917025838331046
9.0,0.2009859666528143,0.49114259979825076,0.692128566451065
119.25,0.13614417506433293,0.5565837811881951,0.692727956252528
147.0,0.20321810225328782,0.4898202904988267,0.6930383927521145
90.75,0.24498755113897128,0.4483455157219567,0.693333066860928
177.0,0.13811180527988592,0.5559884446451322,0.6941002499250182
45.0,0.20766889520989848,0.48670469182666176,0.6943735870365603
130.5,0.20506337528874333,0.4908101989624133,0.6958735742511566
104.25,0.1678026258823387,0.5285800750510024,0.6963827009333411
117.75,0.14742007132245086,0.549336364437993,0.6967564357604439
122.25,0.15542358538000098,0.5415121155574859,0.6969357009374869
153.75,0.20413166090006168,0.4947624862296649,0.6988941471297265
74.25,0.259402920939105,0.4398446136663664,0.6992475346054714
193.5,0.22544589739593424,0.4749245148682165,0.7003704122641508
93.75,0.15957074411793837,0.5419813533730449,0.7015520974909832
173.25,0.19240604822883559,0.5097711266454464,0.702177174874282
100.5,0.19541164397144897,0.5080216691654381,0.7034333131368871
206.25,0.15182132047091482,0.5516975869397837,0.7035189074106984
167.25,0.22114863600022597,0.4841264127285214,0.7052750487287474
73.5,0.1885274000034255,0.520429840717736,0.7089572407211615
67.5,0.20094584894701992,0.5090755627921575,0.7100214117391774
160.5,0.1499068095749151,0.561774129380397,0.711680938955312
145.5,0.1865394289354925,0.5271987818406081,0.7137382107761006
27.75,0.20016397882052372,0.5140154976202546,0.7141794764407783
150.75,0.20022179566586515,0.5154371158185471,0.7156589114844123
129.0,0.25198697795923664,0.46489880826829477,0.7168857862275314
192.0,0.183077163149108,0.5362451029956724,0.7193222661447805
128.25,0.22836500960690975,0.49096323667554187,0.7193282462824516
174.75,0.1633366744137467,0.5574181423888097,0.7207548168025564
182.25,0.19230698094447427,0.5289370606135164,0.7212440415579907
108.75,0.18635184999806353,0.5373157143592042,0.7236675643572678
132.0,0.17230861736702724,0.5533059039097551,0.7256145212767824
7.5,0.20074295036398282,0.5255147346153628,0.7262576849793456
10.5,0.2089817264425494,0.5181185320551449,0.7271002584976943
80.25,0.23074858010770372,0.49657390231912213,0.7273224824268258
52.5,0.20370873435405967,0.524219188442802,0.7279279227968617
75.0,0.19319052264073083,0.5363906500112964,0.7295811726520272
203.25,0.21608817793426885,0.5134969077875984,0.7295850857218672
60.75,0.2175639036859394,0.5131247791536955,0.7306886828396348
114.75,0.17809853996446698,0.5539768549491805,0.7320753949136475
166.5,0.1884610620793673,0.5439159163268537,0.732376978406221
28.5,0.15978520646895314,0.5730107894978793,0.7327959959668324
72.75,0.20765602144555578,0.5271943794742286,0.7348504009197845
36.75,0.2141225529835392,0.5211445942848801,0.7352671472684194
125.25,0.24907866586014998,0.4873192745303887,0.7363979403905387
171.75,0.17638592115317467,0.5607850890742385,0.7371710102274132
198.75,0.1654732055341762,0.5720349784751144,0.7375081840092906
116.25,0.15836952766354478,0.5794679093354387,0.7378374369989835
162.0,0.16031351650794684,0.5780783680771675,0.7383918845851143
48.0,0.2502698474868918,0.4890760426864214,0.7393458901733132
103.5,0.2260244615909191,0.5149348823540033,0.7409593439449225
139.5,0.22844687675240108,0.5128852412990064,0.7413321180514074
120.0,0.19109562333208044,0.5502404690209245,0.7413360923530049
131.25,0.22492511896786307,0.5169016051871194,0.7418267241549824
144.0,0.20062275638410904,0.5424970794599906,0.7431198358440996
27.0,0.17702045478084114,0.5733391629780044,0.7503596177588455
111.75,0.2230188552766204,0.5283595142622786,0.7513783695388989
109.5,0.2161203690230818,0.5364486151727331,0.752568984195815
115.5,0.19782756200474164,0.5557985849251457,0.7536261469298873
69.0,0.2091463152877979,0.5448224269303951,0.753968742218193
168.0,0.23604172729985973,0.5191125493900524,0.7551542766899121
75.75,0.2309804644254157,0.5242959643942666,0.7552764288196823
180.0,0.18174302966355474,0.5739696665806313,0.755712696244186
78.75,0.20749996096662837,0.5482364538691982,0.7557364148358265
133.5,0.19282369113681452,0.5633854678194458,0.7562091589562603
205.5,0.17851465189878907,0.5836933777954262,0.7622080296942153
96.0,0.23347486896644723,0.5296181408312528,0.7630930097977
12.0,0.28521222726722095,0.47802239432776744,0.7632346215949883
68.25,0.2250164611872416,0.5408331499442481,0.7658496111314897
171.0,0.20268208507496482,0.5633293808776926,0.7660114659526573
113.25,0.2017222094069745,0.5643527952898147,0.7660750046967892
17.25,0.21552276658875336,0.5505950762561193,0.7661178428448726
114.0,0.15246242386310754,0.6159752180348169,0.7684376418979244
62.25,0.24866146114050475,0.5206945544693399,0.7693560156098447
170.25,0.213278110362167,0.5561353264350228,0.7694134367971899
77.25,0.21882323464150918,0.5506362664336916,0.7694595010752008
120.75,0.18005199406850578,0.5923677854385073,0.7724197795070131
121.5,0.16864533005869434,0.6043028969481617,0.7729482270068561
101.25,0.22382209312754361,0.5495298485147704,0.773351941642314
21.0,0.267022846163528,0.5066028646515083,0.7736257108150363
63.75,0.20879359729260705,0.5649208555972495,0.7737144528898565
137.25,0.1932265152615116,0.5811507359698581,0.7743772512313697
168.75,0.23873304760631256,0.537601555596602,0.7763346032029146
111.0,0.24587037478984863,0.5309947438651326,0.7768651186549812
143.25,0.18716064171479177,0.5917439065120481,0.7789045482268399
118.5,0.1936319109286111,0.5868388385398778,0.7804707494684889
123.0,0.20697460811705057,0.5746836034125246,0.7816582115295752
127.5,0.24109374530369862,0.541487164135813,0.7825809094395116
20.25,0.20834662645296764,0.5783602131875372,0.7867068396405048
126.0,0.2562193595789563,0.5316348661279078,0.7878542257068641
204.0,0.29037949751487874,0.49793077752049836,0.7883102750353771
6.75,0.2669430235945759,0.5244500808737906,0.7913931044683665
132.75,0.21728010105383946,0.5747624787049285,0.7920425797587679
110.25,0.20674684879187818,0.5863748043811204,0.7931216531729987
161.25,0.24967348822128788,0.5439423328928628,0.7936158211141506
117.0,0.21552205425693055,0.5782096167143124,0.793731670971243
138.0,0.14801917122685643,0.6505241944521128,0.7985433656789693
191.25,0.2459526887730084,0.5527380344406635,0.798690723213672
192.75,0.23560068035070286,0.5646288626151665,0.8002295429658695
65.25,0.2517002982467281,0.5524199708403731,0.8041202690871012
207.0,0.23745663039340678,0.5695036336197006,0.8069602640131074
58.5,0.3041535956375507,0.5108771762987999,0.8150307719363505
16.5,0.22033993092782964,0.596063901260724,0.8164038321885536
18.0,0.21862714673607322,0.5978561009907257,0.8164832477267989
76.5,0.21706598276816338,0.6006646283515494,0.8177306111197128
138.75,0.38325474921949104,0.4420780399126465,0.8253327891321376
108.0,0.21776059389554323,0.6123494577650279,0.8301100516605712
18.75,0.24383387089747025,0.5928697470053987,0.836703617902869
69.75,0.29057972791858516,0.5475046275121406,0.8380843554307258
71.25,0.3141326606493343,0.5280415919383908,0.8421742525877252
78.0,0.25574887407524505,0.6004019658581083,0.8561508399333534
15.75,0.33653564643184275,0.5264323351020592,0.862967981533902
135.75,0.2685671773760605,0.6009365101115705,0.869503687487631
102.0,0.2728381132294241,0.5988345403847114,0.8716726536141355
169.5,0.2757890005083472,0.6035436892520852,0.8793326897604324
19.5,0.2655647513251455,0.6172898693190627,0.8828546206442083
204.75,0.31267327706450315,0.5737689557803637,0.8864422328448669
134.25,0.24388174627776663,0.6513338711504864,0.895215617428253
123.75,0.41912601138483724,0.496134035496202,0.9152600468810392
112.5,0.4354964748555103,0.4903041958475761,0.9258006707030864
105.75,0.5631029793990401,0.45836755121503975,1.0214705306140799
107.25,0.6672860417626092,0.43943160682427174,1.1067176485868808
6.0,0.9101315655940895,0.5567757088885719,1.4669072744826614
