tap,LPF_2k,HPF_300Hz
0,-5.569288879653244e-05,0.0002305439244756891
1,1.6501143824553714e-05,0.00022864522688605067
2,8.97404129389856e-05,0.00022753275668701734
3,0.00015923532380266597,0.00022713635475980152
4,0.00022009162972417567,0.00022736891084867414
5,0.00026750777854690587,0.00022812634558161044
6,0.00029702807666256146,0.00022928768407032792
7,0.00030485366062257157,0.00023071522202345687
8,0.00028820003055573975,0.00023225478486496226
9,0.00024567551130596626,0.00023373607990366226
10,0.0001776416693299405,0.00023497314114782216
11,8.650669972029631e-05,0.00023576486590719205
12,-2.310184697800514e-05,0.00023589564187073928
13,-0.00014433637834937931,0.00023513606289935805
14,-0.0002683420867297934,0.0002332437313260707
15,-0.00038470736423621034,0.0002299641441187514
16,-0.0004821521575515522,0.00022503165982839542
17,-0.0005494266704789674,0.00021817054282914273
18,-0.0005763635432522636,0.00020909608094855881
19,-0.0005549994088595241,0.0001975157721967718
20,-0.0004806600815782027,0.00018313057592869397
21,-0.0003528908511367481,0.00016563622341959417
22,-0.00017611205815488127,0.0001447245824984097
23,4.010808912307226e-05,0.00012008507057364608
24,0.00028124633380755806,9.140611009710766e-05
25,0.0005285283227996647,5.837662025050991e-05
26,0.0007601422254438035,2.0687538402956313e-05
27,0.0009529079490428037,-2.1966635316898658e-05
28,0.0010842946040376593,-6.988627717036331e-05
29,0.001134630453425459,-0.00012336506966018006
30,0.0010893115960145731,-0.0001826884291825003
31,0.0009407931103501219,-0.0002481319386586835
32,0.0006901432371047432,-0.00031995979237938653
33,0.00034795969422816086,-0.0003984232603088477
34,-6.551230167362936e-05,-0.00048375917908341677
35,-0.0005211601900855714,-0.0005761884768874452
36,-0.0009827057558093584,-0.0006759147393084177
37,-0.001409265251195983,-0.000783122823154985
38,-0.0017586160147999618,-0.0008979775250754181
39,-0.001990934889977245,-0.0010206223116289894
40,-0.0020727056416574765,-0.00115117811725279
41,-0.0019804469974561817,-0.0012897422163187014
42,-0.001703896257054654,-0.0014363871752049197
43,-0.001248299723779975,-0.0015911598899977378
44,-0.0006355117967072357,-0.0017540807151142008
45,9.631245226868155e-05,-0.0019251426877728278
46,0.0008945360874319149,-0.0021043108528629078
47,0.0016953458007189707,-0.0022915216923522813
48,0.0024283810074139335,-0.0024866826629510673
49,0.003022388377640841,-0.002689671845298497
50,0.003411484516459946,-0.002900337707478843
51,0.0035415185132727,-0.003118498985190437
52,0.003375973681775745,-0.0033439446804004085
53,0.0029008417064628183,-0.0035764341798101605
54,0.0021279466495529352,-0.0038156974939478148
55,0.0010962906404134698,-0.004061435617177598
56,-0.00012886716452203313,-0.004313321008396969
57,-0.001459310715897727,-0.0045709981916600174
58,-0.002789459295492639,-0.004834084475446096
59,-0.00400395802404864,-0.005102170788759766
60,-0.0049867761965477425,-0.005374822631740222
61,-0.005631154321404272,-0.005651581137937041
62,-0.005849616579593573,-0.005931964244917874
63,-0.005583199459736701,-0.00621546796937455
64,-0.004809049073385829,-0.006501567782430817
65,-0.003545613372161464,-0.006789720080385879
66,-0.0018547995303819893,-0.007079363745699396
67,0.00015932660660772754,-0.007369921792596725
68,0.002355466355627249,-0.007660803091285144
69,0.004563520168444702,-0.007951404164395858
70,0.006596111348949326,-0.00824111104892675
71,0.008262506992299393,-0.00852930121663979
72,0.009384000516128659,-0.008815345545589008
73,0.00980963996366139,-0.009098610335188044
74,0.009431084969470734,-0.009378459357015444
75,0.008195365291034446,-0.009654255933355522
76,0.006114400669244132,-0.00992536503532514
77,0.003270323430090418,-0.010191155392311265
78,-0.00018408813284085196,-0.010451001604362627
79,-0.004030223024272555,-0.010704286249125962
80,-0.007993675689438684,-0.010950401974914587
81,-0.01175909113194032,-0.011188753571507884
82,-0.01498901622858613,-0.011418760010356402
83,-0.017345617106994775,-0.011639856445952055
84,-0.018513854563501984,-0.011851496170268228
85,-0.018224536390726152,-0.012053152512333413
86,-0.016275603840130784,-0.012244320675215298
87,-0.012550067803926984,-0.012424519502922142
88,-0.007029188154834039,-0.012593293170009087
89,0.0002002227215453582,-0.012750212786969839
90,0.008945112291235359,-0.012894877914836716
91,0.01891241199766896,-0.01302691798276651
92,0.029721990975099373,-0.01314599360279092
93,0.04092568012615502,-0.013251797776312064
94,0.05203126670243235,-0.013344056987378217
95,0.06252998861444262,-0.01342253217822465
96,0.07192578510262662,-0.013487019603057194
97,0.07976440772482649,-0.013537351556546262
98,0.0856604757140051,-0.013573396974024538
99,0.08932067566113684,-0.013595061900900927
100,0.090561550056218,0.9861660126281055
101,0.08932067566113684,-0.013595061900900927
102,0.0856604757140051,-0.013573396974024538
103,0.07976440772482649,-0.013537351556546262
104,0.07192578510262661,-0.013487019603057192
105,0.06252998861444262,-0.01342253217822465
106,0.05203126670243235,-0.013344056987378217
107,0.04092568012615502,-0.013251797776312064
108,0.02972199097509937,-0.013145993602790918
109,0.01891241199766896,-0.013026917982766508
110,0.008945112291235357,-0.012894877914836714
111,0.0002002227215453582,-0.012750212786969839
112,-0.007029188154834038,-0.012593293170009085
113,-0.012550067803926984,-0.012424519502922142
114,-0.01627560384013078,-0.012244320675215296
115,-0.01822453639072615,-0.01205315251233341
116,-0.01851385456350198,-0.011851496170268226
117,-0.017345617106994768,-0.011639856445952054
118,-0.014989016228586128,-0.0114187600103564
119,-0.011759091131940317,-0.011188753571507882
120,-0.007993675689438682,-0.010950401974914587
121,-0.004030223024272554,-0.010704286249125958
122,-0.0001840881328408519,-0.010451001604362624
123,0.0032703234300904176,-0.010191155392311264
124,0.0061144006692441305,-0.009925365035325139
125,0.008195365291034444,-0.00965425593335552
126,0.009431084969470734,-0.009378459357015444
127,0.009809639963661389,-0.00909861033518804
128,0.009384000516128657,-0.008815345545589007
129,0.008262506992299393,-0.00852930121663979
130,0.006596111348949326,-0.00824111104892675
131,0.0045635201684447,-0.007951404164395855
132,0.002355466355627248,-0.007660803091285141
133,0.00015932660660772754,-0.007369921792596724
134,-0.001854799530381989,-0.0070793637456993954
135,-0.003545613372161464,-0.006789720080385879
136,-0.004809049073385827,-0.0065015677824308135
137,-0.005583199459736698,-0.0062154679693745465
138,-0.005849616579593571,-0.005931964244917872
139,-0.005631154321404271,-0.0056515811379370395
140,-0.004986776196547742,-0.005374822631740221
141,-0.0040039580240486365,-0.005102170788759763
142,-0.002789459295492638,-0.004834084475446095
143,-0.0014593107158977266,-0.004570998191660016
144,-0.0001288671645220331,-0.004313321008396968
145,0.0010962906404134696,-0.004061435617177597
146,0.0021279466495529335,-0.0038156974939478117
147,0.0029008417064628166,-0.003576434179810159
148,0.0033759736817757435,-0.0033439446804004068
149,0.003541518513272699,-0.0031184989851904365
150,0.0034114845164599458,-0.0029003377074788422
151,0.0030223883776408383,-0.0026896718452984946
152,0.002428381007413932,-0.0024866826629510665
153,0.00169534580071897,-0.00229152169235228
154,0.0008945360874319148,-0.0021043108528629078
155,9.631245226868153e-05,-0.0019251426877728273
156,-0.0006355117967072352,-0.0017540807151141993
157,-0.0012482997237799743,-0.0015911598899977367
158,-0.001703896257054653,-0.001436387175204919
159,-0.0019804469974561813,-0.0012897422163187012
160,-0.0020727056416574765,-0.00115117811725279
161,-0.001990934889977243,-0.0010206223116289886
162,-0.0017586160147999605,-0.0008979775250754175
163,-0.0014092652511959825,-0.0007831228231549846
164,-0.0009827057558093584,-0.0006759147393084177
165,-0.0005211601900855708,-0.0005761884768874445
166,-6.551230167362929e-05,-0.0004837591790834163
167,0.0003479596942281604,-0.00039842326030884714
168,0.0006901432371047428,-0.00031995979237938637
169,0.0009407931103501219,-0.0002481319386586835
170,0.0010893115960145718,-0.00018268842918250006
171,0.0011346304534254577,-0.00012336506966017992
172,0.0010842946040376582,-6.988627717036324e-05
173,0.000952907949042803,-2.196663531689864e-05
174,0.0007601422254438035,2.0687538402956313e-05
175,0.0005285283227996641,5.837662025050983e-05
176,0.0002812463338075577,9.140611009710752e-05
177,4.010808912307223e-05,0.00012008507057364597
178,-0.00017611205815488116,0.0001447245824984096
179,-0.0003528908511367481,0.00016563622341959417
180,-0.00048066008157820203,0.00018313057592869372
181,-0.0005549994088595233,0.00019751577219677153
182,-0.0005763635432522631,0.00020909608094855865
183,-0.0005494266704789669,0.00021817054282914256
184,-0.0004821521575515522,0.00022503165982839542
185,-0.0003847073642362097,0.00022996414411875101
186,-0.0002683420867297929,0.00023324373132607026
187,-0.00014433637834937918,0.00023513606289935783
188,-2.310184697800513e-05,0.00023589564187073917
189,8.650669972029631e-05,0.00023576486590719205
190,0.0001776416693299403,0.00023497314114782192
191,0.0002456755113059658,0.00023373607990366188
192,0.0002882000305557396,0.00023225478486496213
193,0.0003048536606225714,0.0002307152220234567
194,0.00029702807666256146,0.00022928768407032792
195,0.0002675077785469055,0.00022812634558161014
196,0.00022009162972417553,0.000227368910848674
197,0.00015923532380266586,0.00022713635475980138
198,8.97404129389856e-05,0.00022753275668701734
199,1.6501143824553714e-05,0.00022864522688605067
200,-5.569288879653244e-05,0.0002305439244756891
