start_s,end_s,RMS,Peak,RMS_dBFS
0.0,1.0,0.0,0.0,-inf
1.0,2.0,0.0,0.0,-inf
2.0,3.0,0.0,0.0,-inf
3.0,4.0,0.0,0.0,-inf
4.0,5.0,0.0015972662721453594,0.008706082357093692,-55.93245357599106
5.0,6.0,0.010402613581770612,0.0617319755256176,-39.65715067259999
6.0,7.0,0.11340840317671218,0.6012678742408752,-18.90709529015551
7.0,8.0,0.13435228139938626,0.44731615483760834,-17.435099090644957
8.0,9.0,0.11998434703367972,0.4623270779848099,-18.417508152431992
9.0,10.0,0.11192797398857726,0.43687181174755096,-19.02122714690123
10.0,11.0,0.12019517752815245,0.4093393534421921,-18.402259135006215
11.0,12.0,0.10764042693149427,0.3818624019622803,-19.360491767473647
12.0,13.0,0.06844422222558597,0.3048143833875656,-23.29326414605728
13.0,14.0,0.05227115757020875,0.22912678867578506,-25.634757642664283
14.0,15.0,0.05556878527137169,0.24546804279088974,-25.10338193498032
15.0,16.0,0.08407230197490381,0.45469430088996887,-21.506941220965352
16.0,17.0,0.1187877720273628,0.48955944180488586,-18.504565263588837
17.0,18.0,0.11229325903417064,0.4639900326728821,-18.99292627319141
18.0,19.0,0.11140646817602619,0.49534982442855835,-19.06179187236471
19.0,20.0,0.10974988876537822,0.5095824301242828,-19.191918225107603
20.0,21.0,0.10767731714886573,0.4973861277103424,-19.35751547435562
21.0,22.0,0.12450848669077912,0.570428654551506,-18.09602090753199
22.0,23.0,0.11995531431460929,0.5155315548181534,-18.4196101391861
23.0,24.0,0.12886423163878669,0.47343771159648895,-17.79735222819331
24.0,25.0,0.11804938671016699,0.453414686024189,-18.55872529649664
25.0,26.0,0.13720347467346006,0.5577347427606583,-17.252697799932008
26.0,27.0,0.13492098151945284,0.4883899986743927,-17.39841016155537
27.0,28.0,0.14223814181186398,0.5185105204582214,-16.93967859852969
28.0,29.0,0.15119983549777555,0.5264358371496201,-16.408973626755397
29.0,30.0,0.14571263128082393,0.48994873464107513,-16.730055984807862
30.0,31.0,0.1467221454120787,0.4998699873685837,-16.670086625054818
31.0,32.0,0.14178317080851233,0.507427304983139,-16.96750630812921
32.0,33.0,0.1478680229416908,0.5258950293064117,-16.602514675771772
33.0,34.0,0.14340825701323823,0.5248027145862579,-16.868516851739606
34.0,35.0,0.1453391640287338,0.47850240767002106,-16.752346842777023
35.0,36.0,0.14635201670644896,0.4413866251707077,-16.692025773664547
36.0,37.0,0.1465936952547274,0.5118264108896255,-16.677694151191364
37.0,38.0,0.15913073765809183,0.5340964943170547,-15.964918480487718
38.0,39.0,0.15489488079300753,0.5727382004261017,-16.199258704865816
39.0,40.0,0.14939425331378114,0.5110187232494354,-16.51332216046796
40.0,41.0,0.1552883470517239,0.6214200854301453,-16.177222656325533
41.0,42.0,0.16072940878056283,0.5236104428768158,-15.87809305557456
42.0,43.0,0.1441295035556315,0.5187116861343384,-16.82494218526461
43.0,44.0,0.15821520548145845,0.5374442636966705,-16.015035607745943
44.0,45.0,0.16561428931535035,0.5507112145423889,-15.618043894129048
45.0,46.0,0.15903575459052338,0.6179865002632141,-15.970104522934001
46.0,47.0,0.15590525122928897,0.6157992482185364,-16.14278513156691
47.0,48.0,0.14932169245837765,0.5491131544113159,-16.51754192578946
48.0,49.0,0.15545713696764105,0.5986255705356598,-16.167786697952803
49.0,50.0,0.14988067930251556,0.5763181298971176,-16.485086944515754
50.0,51.0,0.16091625648836894,0.5783635675907135,-15.868001585818048
51.0,52.0,0.16186607069391964,0.590207040309906,-15.816883513463381
52.0,53.0,0.16411423800452846,0.5945844352245331,-15.697074787400913
53.0,54.0,0.15963566117273212,0.5896980613470078,-15.93740169322355
54.0,55.0,0.15332393482984769,0.6385062336921692,-16.287800875105336
55.0,56.0,0.15619645552431075,0.7020212411880493,-16.126576510800323
56.0,57.0,0.17315822182182428,0.8530902862548828,-15.231137652942774
57.0,58.0,0.15056406112096235,0.5587601363658905,-16.445573593182555
58.0,59.0,0.13359763545515202,0.5439445823431015,-17.484024567429113
59.0,60.0,0.1759012310669362,0.7024027109146118,-15.094622421344653
60.0,61.0,0.16345053479003352,0.6728243827819824,-15.732273082463852
61.0,62.0,0.15022118434712375,0.5381898880004883,-16.465376367101186
62.0,63.0,0.14505828254342493,0.5454452633857727,-16.769149375804627
63.0,64.0,0.14204456301402343,0.5199254900217056,-16.95150769896841
64.0,65.0,0.16112394603991237,0.5716633349657059,-15.856798209595919
65.0,66.0,0.13460348671786343,0.5931152254343033,-17.41887380332324
66.0,67.0,0.15159385307394524,0.6596935093402863,-16.386368168035688
67.0,68.0,0.14822233598951284,0.6547296941280365,-16.58172693036348
68.0,69.0,0.1425929374725723,0.5546315908432007,-16.918039685005283
69.0,70.0,0.1528549657951166,0.5574997961521149,-16.31440895591375
70.0,71.0,0.1927908670653074,0.7676780223846436,-14.298270868942529
71.0,72.0,0.1828387350700069,0.6109846234321594,-14.75863583888322
72.0,73.0,0.1297406163791219,0.5412151515483856,-17.738480862597804
73.0,74.0,0.13686831084641096,0.5235999226570129,-17.273941850705988
74.0,75.0,0.15030378785571588,0.5282021760940552,-16.46060148951176
75.0,76.0,0.1347531975095654,0.5827776789665222,-17.409218416066114
76.0,77.0,0.14629492089265564,0.4999115467071533,-16.695415031367126
77.0,78.0,0.16935635596492868,0.5271393656730652,-15.423969991760302
78.0,79.0,0.14879373545673977,0.5376896560192108,-16.5483070631471
79.0,80.0,0.1531518438724856,0.6215589344501495,-16.297555402701512
80.0,81.0,0.15053935916041503,0.5197115540504456,-16.44699874141527
81.0,82.0,0.16565248438655947,0.5172755420207977,-15.616040927329795
82.0,83.0,0.12762692652831334,0.5725281238555908,-17.881153783616696
83.0,84.0,0.11063810575086382,0.38859158754348755,-19.121905368927486
84.0,85.0,0.10390777766604052,0.37858612835407257,-19.667038871566074
85.0,86.0,0.10742027367598381,0.3814355283975601,-19.378274910031795
86.0,87.0,0.1226910379466182,0.5332452654838562,-18.223743189221928
87.0,88.0,0.11693235592085988,0.4678460359573364,-18.641306003697544
88.0,89.0,0.10921250342515579,0.4110652953386307,-19.23455275319413
89.0,90.0,0.1033257954704262,0.35722313821315765,-19.7158248509349
90.0,91.0,0.11218314025610639,0.5047977715730667,-19.00144814571871
91.0,92.0,0.16338308095880227,0.7187895774841309,-15.735858371821044
92.0,93.0,0.1767472701904171,0.6100021600723267,-15.052945700595078
93.0,94.0,0.15501564073280685,0.5863473117351532,-16.192489605464356
94.0,95.0,0.1347766728109292,0.5175229161977768,-17.407705382448434
95.0,96.0,0.1201790454430348,0.47926807403564453,-18.403424996382217
96.0,97.0,0.12048689155882013,0.4429490715265274,-18.38120399677678
97.0,98.0,0.12073290216413796,0.5161445140838623,-18.36348719439127
98.0,99.0,0.1298870575540848,0.5754653215408325,-17.728682430868112
99.0,100.0,0.13191783395134674,0.5497803688049316,-17.59392976563046
100.0,101.0,0.12500362919595998,0.4779178947210312,-18.06154756113501
101.0,102.0,0.12507667312604726,0.6207421123981476,-18.05647357867722
102.0,103.0,0.1596995589398325,0.6945986896753311,-15.93392566599195
103.0,104.0,0.18171958085654769,0.7300949990749359,-14.811965471475592
104.0,105.0,0.17962708600120372,0.5717343688011169,-14.912563507726196
105.0,106.0,0.17864198599367034,0.6005944609642029,-14.960329235667233
106.0,107.0,0.05975503038782239,0.2137102708220482,-24.472510568194338
107.0,108.0,0.10224829901043113,0.6626660823822021,-19.806878162554852
108.0,109.0,0.18880411379199455,0.7232171893119812,-14.479770944646814
109.0,110.0,0.18617290426909205,0.6135969460010529,-14.601670525385877
110.0,111.0,0.18362683211378136,0.6060493588447571,-14.721277161222462
111.0,112.0,0.16200873553616615,0.6540893018245697,-15.809231352002866
112.0,113.0,0.061906165067517026,0.3176949471235275,-24.165321972270167
113.0,114.0,0.1663039931117191,0.6298957169055939,-15.58194645691264
114.0,115.0,0.19088957849158447,0.6558336019515991,-14.384355620407757
115.0,116.0,0.20142103396009195,0.7050098478794098,-13.917903579738054
116.0,117.0,0.20201842322587443,0.6342251002788544,-13.892180458543608
117.0,118.0,0.19655666105828032,0.7399891018867493,-14.130244678003606
118.0,119.0,0.20166505969409823,0.8526799976825714,-13.90738681477524
119.0,120.0,0.2031311916254071,0.6692492961883545,-13.844467675607078
120.0,121.0,0.20423228248647673,0.640337735414505,-13.797512179593433
121.0,122.0,0.20371276833127536,0.703255295753479,-13.819634987789497
122.0,123.0,0.20137450108672963,0.6939128935337067,-13.919910451062076
123.0,124.0,0.1757910441338834,0.7395913898944855,-15.100065086076611
124.0,125.0,0.13087931994751853,0.5975620150566101,-17.662579405454956
125.0,126.0,0.10534128261793478,0.4285600483417511,-19.54802796097948
126.0,127.0,0.09605573083779062,0.4264468401670456,-20.349534386585542
127.0,128.0,0.10740846264103603,0.44053390622138977,-19.379229990324404
128.0,129.0,0.0974161821370641,0.39859604835510254,-20.22737789957493
129.0,130.0,0.0916559511906367,0.4053724408149719,-20.756786623780002
130.0,131.0,0.08566185507822781,0.4169439673423767,-21.34425049663763
131.0,132.0,0.08895181574658761,0.48886844515800476,-21.016903647345906
132.0,133.0,0.09194657270099087,0.4356353133916855,-20.729289088123988
133.0,134.0,0.09222600128134109,0.4465411901473999,-20.702932420347775
134.0,135.0,0.09998422893307275,0.47184161841869354,-20.001369965499975
135.0,136.0,0.1250998931700989,0.48698271811008453,-18.054861223502723
136.0,137.0,0.10444007465588022,0.5161656439304352,-19.62265652812985
137.0,138.0,0.09401638806969771,0.4273068755865097,-20.535928751857902
138.0,139.0,0.08406657313843374,0.4362672120332718,-21.50753311312972
139.0,140.0,0.08860761058997789,0.34365613758563995,-21.05057949108914
140.0,141.0,0.12310299445435455,0.5659616589546204,-18.194627656371974
141.0,142.0,0.1334772289964241,0.45853014290332794,-17.491856358602906
142.0,143.0,0.1361175101551743,0.4736262112855911,-17.32172007130098
143.0,144.0,0.1503133466202018,0.6000624299049377,-16.460049116650023
144.0,145.0,0.14503252279956041,0.6629147827625275,-16.7706919706665
145.0,146.0,0.16907552074638105,0.6130643486976624,-15.438385325790795
146.0,147.0,0.163572808964523,0.5829029977321625,-15.725777766120377
147.0,148.0,0.16193549911528657,0.6012105941772461,-15.813158716110882
148.0,149.0,0.15503942347111555,0.5375020802021027,-16.191157105115256
149.0,150.0,0.1575776266421561,0.5261744856834412,-16.05010889880984
150.0,151.0,0.14011100283228076,0.47953882813453674,-17.070555169842713
151.0,152.0,0.15297886659618407,0.6395127177238464,-16.307371220849564
152.0,153.0,0.16569524268829475,0.5472706109285355,-15.613799210476483
153.0,154.0,0.15087477534930221,0.5930151641368866,-16.427667271065843
154.0,155.0,0.16245761200543402,0.572963535785675,-15.785198696597684
155.0,156.0,0.15362296182825066,0.5853593349456787,-16.270877320204605
156.0,157.0,0.16176353891295508,0.5515724867582321,-15.822387211130174
157.0,158.0,0.15405274233551047,0.6135999858379364,-16.246611325638746
158.0,159.0,0.16431688074202513,0.6526094377040863,-15.686356359232931
159.0,160.0,0.15740151923854356,0.5748662650585175,-16.05982160297848
160.0,161.0,0.14427638265554024,0.6208714842796326,-16.816095099797646
161.0,162.0,0.14541932331187846,0.5804412066936493,-16.74755761230008
162.0,163.0,0.15661035479359217,0.5757954269647598,-16.103590531251506
163.0,164.0,0.1505465727144188,0.5581361055374146,-16.44658254040849
164.0,165.0,0.15448244525850924,0.6656605005264282,-16.22241729701852
165.0,166.0,0.15913112200211907,0.5704778134822845,-15.964897501726348
166.0,167.0,0.1428234481056612,0.56044502556324,-16.904009724176834
167.0,168.0,0.14235522856822797,0.5943171679973602,-16.93253154025578
168.0,169.0,0.13665225839335932,0.5601030588150024,-17.28766373026151
169.0,170.0,0.13789094743389974,0.582361102104187,-17.20928488802075
170.0,171.0,0.17248705581778578,0.6665534675121307,-15.264869814461948
171.0,172.0,0.17540199779628604,0.8325215578079224,-15.119309288161038
172.0,173.0,0.16376656308805448,0.7466009557247162,-15.715495305321962
173.0,174.0,0.14599537446122932,0.6420663893222809,-16.713218073049138
174.0,175.0,0.1552602751836402,0.6864666044712067,-16.178792968549224
175.0,176.0,0.15073228820662934,0.6162702441215515,-16.43587415901855
176.0,177.0,0.15225658972268416,0.5981732308864594,-16.348478037183646
177.0,178.0,0.15239306398015273,0.6343363523483276,-16.340695980623295
178.0,179.0,0.14000392102955242,0.6093596518039703,-17.077196021056405
179.0,180.0,0.1412453952723095,0.5833261907100677,-17.000514033416362
180.0,181.0,0.16970657154876898,0.7283415198326111,-15.406026803368377
181.0,182.0,0.17842499391556624,0.6631612479686737,-14.970886187616392
182.0,183.0,0.19233201907389066,0.7248636782169342,-14.318968184232578
183.0,184.0,0.18453717421773355,0.5698392391204834,-14.678322678836
184.0,185.0,0.20176350223733988,0.6384597420692444,-13.903147843299523
185.0,186.0,0.1506930655900955,0.6174408793449402,-16.4381346411987
186.0,187.0,0.15124986101837024,0.5272646248340607,-16.406100314862943
187.0,188.0,0.14917474916498305,0.5058718323707581,-16.52609367485313
188.0,189.0,0.13791817590665584,0.4700987786054611,-17.207569908419813
189.0,190.0,0.15135564809234556,0.5482429713010788,-16.400027359417983
190.0,191.0,0.14979563499760576,0.5723212659358978,-16.490016833408358
191.0,192.0,0.1329490588619297,0.5263576060533524,-17.526294653300006
192.0,193.0,0.10504821287106293,0.44277556240558624,-19.57222663228819
193.0,194.0,0.12821611101015878,0.517225906252861,-17.841148001306294
194.0,195.0,0.18905501703660083,0.7712088823318481,-14.468235861675549
195.0,196.0,0.18276841077344075,0.8107567131519318,-14.761977289362653
196.0,197.0,0.16941004936120135,0.6734075248241425,-15.421216620051123
197.0,198.0,0.1595604309464623,0.7299577295780182,-15.94149598805396
198.0,199.0,0.16126355239622933,0.6635768115520477,-15.849275551394712
199.0,200.0,0.18520833596026398,0.7957933843135834,-14.64678940490983
200.0,201.0,0.19176617887893518,0.6827522367238998,-14.344559707794915
201.0,202.0,0.17613671528884187,0.7042402029037476,-15.08300213842219
202.0,203.0,0.1592451503199049,0.6938673555850983,-15.958675697450369
203.0,204.0,0.14310861700485636,0.6392272710800171,-16.886684305239243
204.0,205.0,0.14422805147468798,0.6511991322040558,-16.819005275567754
205.0,206.0,0.12083682437210874,0.4745887517929077,-18.35601393275368
206.0,207.0,0.11606793447240418,0.5127314031124115,-18.70575488259891
207.0,208.0,0.14034876604777152,0.6066216230392456,-17.055828026960572
208.0,209.0,0.09223162194579103,0.350279837846756,-20.702403079567322
209.0,210.0,0.04699670075989667,0.18265073001384735,-26.558652582589488
210.0,211.0,0.016306453802402265,0.06633763387799263,-35.7528095118738
211.0,212.0,0.009725706509577027,0.04221566393971443,-40.2415768035089
212.0,213.0,0.0027802865045068064,0.015805238857865334,-51.11820896714136
213.0,214.0,0.00041846318553681865,0.0022930818668100983,-67.56685486435744
